level_name,word_count,content
"Hard Level 1",81,"The phenomenon of quantum entanglement defies classical intuitions about the separability of distant objects. When particles become entangled, the state of one instantaneously influences the state of another, regardless of the distance separating them. This non-local behavior has profound implications for the foundations of physics and challenges our understanding of causality and information transfer. Experimental validations of entanglement have been achieved through sophisticated setups involving photons and atoms, opening avenues for quantum computing and secure communication technologies based on quantum cryptography."
"Hard Level 2",79,"In the realm of abstract art, Wassily Kandinsky's compositions represent a radical departure from representational aesthetics. His work explores the intrinsic connections between color, form, and emotion, positing that visual elements can evoke auditory sensationsâ€”a concept known as synesthesia. Kandinsky's theoretical writings delve into the spiritual aspects of art, suggesting that creative expression transcends mere imitation of the physical world. His influence is evident in the development of modern art movements that emphasize subjective experience over objective reality."
"Hard Level 3",72,"The intricacies of mitochondrial DNA inheritance provide fascinating insights into evolutionary biology and genetics. Unlike nuclear DNA, mitochondrial DNA is inherited almost exclusively maternally, offering a unique lens through which to trace lineage and ancestral origins. Mutations in mitochondrial DNA can lead to a variety of metabolic disorders, underscoring its critical role in cellular energy production. Research into mitochondrial function has also revealed connections to aging processes and apoptotic mechanisms within cells."
"Hard Level 4",86,"The economic principle of comparative advantage explains how countries benefit from specializing in the production of goods for which they have a lower opportunity cost. This theory, formulated by David Ricardo, underpins much of modern international trade policy. It suggests that even if one nation is less efficient in producing all goods compared to another nation, both can still gain from trade by focusing on industries where they are relatively more efficient. The implications of this theory extend to discussions on tariffs, trade agreements, and globalization."
"Hard Level 5",73,"In the study of cognitive psychology, the concept of heuristics pertains to mental shortcuts that facilitate problem-solving and decision-making processes. While heuristics can speed up judgments, they often introduce biases and systematic errors. The availability heuristic, for example, leads individuals to overestimate the likelihood of events that are more memorable or emotionally charged. Understanding these cognitive biases is essential for fields like behavioral economics, where they can influence market behaviors and consumer choices."
"Hard Level 6",73,"The double-slit experiment fundamentally challenges our understanding of particle-wave duality in quantum mechanics. When electrons are fired at a barrier with two slits, they produce an interference pattern characteristic of waves, not particles. However, if one attempts to observe which slit an electron passes through, the interference pattern disappears, and particle-like behavior emerges. This paradox highlights the role of the observer in quantum phenomena and raises profound questions about the nature of reality."
"Hard Level 7",77,"The field of cryptography has evolved dramatically with the advent of quantum computing. Traditional encryption methods, such as RSA and ECC, rely on the computational difficulty of factoring large prime numbers or solving discrete logarithm problems. Quantum algorithms, like Shor's algorithm, threaten to render these methods obsolete by solving such problems exponentially faster. Consequently, there's a growing emphasis on developing quantum-resistant cryptographic techniques, including lattice-based, hash-based, and code-based cryptography, to ensure data security in a post-quantum world."
"Hard Level 8",76,"In astrophysics, the Chandrasekhar limit defines the maximum mass of a stable white dwarf star, approximately 1.4 times the mass of the Sun. Beyond this threshold, electron degeneracy pressure can no longer counteract gravitational collapse, leading to the formation of a neutron star or black hole. This limit is crucial for understanding the life cycles of stars and the mechanisms behind supernova explosions. Subrahmanyan Chandrasekhar's work in this area significantly advanced the field of stellar evolution."
"Hard Level 9",71,"The intricate balance of ecological systems is exemplified by keystone species, which have a disproportionately large impact on their environment relative to their abundance. The removal of a keystone species can trigger cascading effects throughout the ecosystem, leading to significant changes in community structure and biodiversity. Conservation efforts often prioritize these species to maintain ecological equilibrium. Understanding the roles of such species is vital for ecological research and environmental management practices."
"Hard Level 10",67,"The philosophy of existentialism explores the individual's experience in an apparently meaningless or absurd world. Thinkers like Jean-Paul Sartre and Albert Camus grappled with themes of freedom, choice, and responsibility. Existentialism posits that individuals must create their own meaning through authentic actions and decisions. This perspective challenges traditional philosophical notions of objective truths and predetermined purposes, emphasizing instead the subjective and often challenging journey of human existence."